user_id,item_id
18382879,129504086
31182685,73233753
42096946,395074329
20231406,352931589
45629939,184931760
136757115,244586231
44691722,31258704
11366706,233101284
102681517,188563767
39759851,16008761
26412532,357375905
116159885,384236071
113010458,86463202
130797629,43125253
6357161,372332367
20462589,49483732
49221063,39475027
130797629,187633154
2048794,349017358
14083845,123509275
56993964,308089680
25438534,298471056
42096946,403867251
120305341,143215991
43205692,378730350
50845861,398684530
35482754,307600160
56818905,192196843
24273163,8851276
136903092,27791500
39329021,383830351
130797629,133801038
48362340,118448109
142014633,392406846
135567210,23384815
11436462,154454692
26412532,319618270
46729748,400840831
36375425,285705316
25286173,330209848
39329021,206358562
56818905,125153280
116340014,54198076
135567210,56262444
115537643,357213564
42096946,386923481
130797629,350606029
42096946,120214329
54041681,241195323
130205933,94874554
121923944,80225661
5683394,87433281
33253837,311262304
26412532,269767436
105906755,63840223
130507850,264647139
18176035,282958866
134116374,310599523
121262927,242850512
18488008,382134731
42096946,192410537
36639152,188829201
35520386,281214205
23579299,148430748
42096946,347300442
111311287,344702101
134116374,174227711
135378246,372797306
138961180,243088323
39329021,179222099
5708087,298172271
112631605,206607870
19950899,214033234
42096946,70772681
43205692,239345359
57380691,303002557
122645273,33222349
36375425,74196434
2854798,183548496
104550352,167226076
12506484,317247542
25068286,294122948
32679361,135707416
112647019,57221835
115537643,349595589
136286592,159396014
43205692,311213714
48967362,68940123
136286592,282093572
135567210,286681441
29201000,82160787
17562880,392337274
317091,256677806
40528453,112501186
23579299,190856333
140892989,346234000
35520386,184803032
119178861,111615598
26412532,305683204
11366706,314994124
130797629,387630320
115537643,103011981
116523407,360817002
39329021,167169765
115537643,244354451
54041681,146662167
6357161,32243732
2961442,267909918
25286173,160598516
116340014,355845192
60064811,283504687
114099881,342049652
116523407,119930041
104900356,108771067
136948968,140883116
32384032,319984203
60268781,156990255
120305341,98445367
18959614,61535141
17562880,375360011
116340014,117719102
59472933,115152156
38974214,322550392
47688515,183873984
44142824,280668731
46729748,121219488
54041681,380792122
39329021,328376598
61432703,221058293
18488008,163689973
61432703,222415521
134116374,56943774
35520386,327479309
25286173,278155255
122630648,334485827
55476491,184752983
5525891,3920363
116159885,167266859
120305341,127861086
136286592,341533485
50142094,99521373
4957823,204764748
112141018,33069267
20612499,115992351
135378246,154200932
120305341,286385973
54041681,154726
17219776,128702084
39329021,211482582
136286592,115214235
51813809,118729930
42096946,35946273
13773861,121716939
115537643,246166063
40528453,66985938
120305341,189099117
130797629,92210758
104550352,83931547
115537643,268626892
26037919,83998781
141227570,263152606
5369231,172143549
130205933,373899764
61432703,215191302
23730268,237583921
135200142,127213733
20231406,101153891
136286592,91500364
23749054,299809379
126376929,17887584
49060518,309632381
23730268,369154105
135378246,335006730
60196916,64007538
40528453,319719400
128008896,137318721
26412532,267394734
17562880,230261439
20501826,344294537
36656480,63093626
64151780,137377762
132999185,302909467
30293799,252876827
121923944,73681123
120305341,66795195
116159885,318639641
132626507,286175221
23730268,64716217
36901706,302608469
42096946,306706132
103490614,79590796
54041681,278129435
127367034,230542910
112619968,95867699
43205692,210060973
43205692,144223786
42096946,129509881
127367034,203474800
50142094,49242654
41686678,385753960
36639152,366484499
61432703,295094478
105906755,238973707
134979525,338630082
4320107,28837902
54004679,202315893
46729748,310695911
5683394,262027557
53667812,128267492
42096946,35171962
124353107,238714300
61432703,56593125
5865371,258512120
40528453,24106739
132626507,219479376
64019348,242959465
42096946,5577451
20231406,75125844
107002409,96442827
30009492,196793876
36656480,31123422
18959614,89867174
124675478,331422928
116340014,265274856
124956647,307830817
135378246,154370452
30591498,220401889
130797629,192716051
31182685,134493168
132626507,351696515
17562880,389880109
126674457,229937058
120305341,22022092
110883802,293003214
11594934,55559718
23579299,259139642
134998335,11372526
137640381,373435069
48362340,57434964
22716240,392815586
54041681,339102108
120305341,26257029
120305341,273501352
142014633,365217992
130205933,140584764
103823974,37910916
115537643,29517329
51813809,43644196
130797629,194103506
116340014,298564848
27496280,86610821
46312028,120428365
18249259,80411699
45069500,192219540
33635794,68289678
42096946,314115577
136286592,396351064
40849750,399757811
35520386,366127367
120305341,154796317
130797629,68698676
136286592,190177818
120305341,253798929
136286592,382008047
54041681,295067912
115537643,40806602
2048794,199187082
36375425,340005560
106655468,60389288
120305341,156297357
50805790,146543101
115669976,187864672
135378246,379249019
134116374,293229160
135809553,188340393
141287867,94470453
4968401,66804201
23730268,297853261
43205692,187708707
135803625,393996867
116159885,355231933
18488008,268865942
130797629,357911376
138961180,98603220
62879735,384038335
20231406,239791364
42991288,380480240
37926938,359746070
100184380,39714795
46312028,97529977
27317801,385200363
28785719,375648589
135378246,180200233
135567210,177729634
50114359,283687321
35520386,389218906
20492946,141806416
46729748,210012720
142191573,277149740
18176035,47092763
10876284,368359382
62053130,151900364
109092473,100284729
43205692,43930424
115856090,250568332
64824540,40720543
27496280,172658863
29201000,68872441
104550352,360143307
122132057,288398671
130118906,227158875
42793246,324456403
5369231,387044850
11366706,314633261
43205692,243465434
61750058,67897568
44142824,273532679
26352376,37672618
121271681,51200886
115537643,391425064
45629939,21474169
50260039,275264557
32307529,118576119
53091371,260475256
116340014,3242513
115537643,346188820
42873856,25790243
135200142,283700887
60380684,237223630
50783368,205542738
49235565,61973927
127367034,281251986
46534133,130294616
134116374,330667982
120305341,74438920
120305341,175764779
132626507,11492957
135378246,400701289
33253837,247645482
161481,209171499
45629939,275608907
39329021,225321535
49669986,102956996
102415156,297406381
42096946,196516706
49711251,123974875
120305341,338018239
12506484,287388185
28178051,249403460
120305341,289899078
42096946,257632907
136592694,367289773
122645273,115296587
14021211,155779204
120305341,203040432
130797629,79199643
11594934,55807645
29684399,1490572
47688515,214365407
120305341,174897531
2171674,259819305
135567210,78957582
127367034,268885206
43205692,219386888
47688515,173265632
20612499,157775980
121271681,248251873
42096946,225463772
142159824,179625206
130797629,8376098
141287867,296607838
46312028,163580440
29194001,222352590
39329021,267105988
31182685,332581378
139274689,47904066
120306985,75693482
129446418,376150112
42793246,125634399
135567210,28644360
120305341,377607849
53091371,295303738
137640381,205571401
26037919,70506159
51813809,286704766
128441868,123705616
61432703,337098384
115537643,25079579
104550352,61702175
135567210,198472080
38026943,253800192
39329021,307405904
135378246,21875449
4041047,98723312
135567210,272484901
120210733,342901033
21150501,283810029
122132057,291689553
36375425,172743629
18959614,108852248
5708087,249026377
62693996,353217183
61432703,181930245
115537643,190442830
120305341,52507190
17562880,89075900
42793246,330687918
54041681,398329798
49706772,22363485
28883723,260226898
130205933,159573205
42096946,23893034
142014633,397417162
161481,130656012
105805055,216704309
112518838,371150215
2048794,252564781
61432703,53382385
51813809,110749170
36198131,258349063
136286592,356686046
43205692,312526728
130205933,143509148
132999185,245101587
3320605,362277971
135567210,27855022
4498439,344667993
134116374,167063158
116159885,133981397
137515335,83013703
11026029,88964509
39329021,262546497
122132057,154516935
54041681,303563756
135374826,268183858
120305341,95926279
11594934,144053049
104550352,256950106
31182685,300199661
42096946,400072608
127367034,347887357
29684399,125157108
107264414,274520757
43205692,150107000
39329021,271652875
33253837,234560496
53667812,205032147
54041681,954972
16407724,374836139
24979429,167780112
124675478,105337403
61432703,355194157
43205692,19046121
54041681,303623649
26037919,155302538
126920490,137729000
35520386,93706040
104550352,283567102
54041681,318998535
50845861,320105129
115852613,358192277
120305341,230735725
135567210,147681344
24472810,366516190
20612499,401410730
112141018,31193281
43205692,396171430
120305341,292894788
23730268,362544821
25528858,309975817
26412532,209224060
134327445,94117885
121923944,130660969
161481,46870795
39329021,83228924
40528453,58187981
17171257,223441580
113512469,61064707
120305341,99391402
116340014,23098902
44994029,363122968
40165705,117547812
20612499,172366937
33253837,74662588
51813809,282618528
25609192,135038181
32079118,23362852
36375425,298235054
124700441,400640340
39329021,192550294
131045093,86616848
110067667,289330031
122645273,346551228
134116374,297991778
136286592,205050604
130797629,62515998
56993964,305742819
50114359,229347739
317091,151712003
135894801,233678245
116159885,185711508
59520279,209497906
130205933,33579379
136592694,305399617
51004531,178721544
130797629,277005696
132626507,372827713
